                  epoch,         train/box_loss,         train/cls_loss,         train/dfl_loss,   metrics/precision(B),      metrics/recall(B),       metrics/mAP50(B),    metrics/mAP50-95(B),           val/box_loss,           val/cls_loss,           val/dfl_loss,                 lr/pg0,                 lr/pg1,                 lr/pg2
                      1,                 1.6586,                 2.1294,                 1.6922,                0.56257,                0.72159,                0.60369,                 0.2901,                 1.4644,                 2.2235,                 1.6582,             0.00066138,             0.00066138,             0.00066138
                      2,                 1.4716,                 1.5594,                 1.5426,                  0.684,                0.70225,                0.71196,                0.35413,                 1.4757,                 1.6615,                 1.7183,              0.0010651,              0.0010651,              0.0010651
                      3,                 1.4155,                 1.3491,                 1.5041,                  0.699,                0.75573,                0.71852,                0.35935,                 1.4364,                 1.8829,                 1.6939,              0.0012048,              0.0012048,              0.0012048
                      4,                 1.3603,                 1.2282,                 1.4729,                0.71996,                0.85115,                0.82914,                0.49776,                 1.1755,                 1.2168,                 1.4636,               0.000812,               0.000812,               0.000812
                      5,                  1.317,                 1.1291,                 1.4434,                0.74221,                0.86641,                0.80513,                0.46565,                 1.3418,                 1.0163,                 1.6194,               0.000812,               0.000812,               0.000812
